[{"pk": 63110001, "model": "student.student", "fields": {"password": "5d1e8cdb8de32eaf28ba76b6b9b9d3525352c1ff", "surname": "Kropiv\u0161ek", "name": "Andreja", "gender": "F", "social_security_number": "1803986505147", "birth_country": "705", "birth_region": "061", "birth_date": "1986-03-18", "birth_place": "Ljubljana", "tax_number": "12123714", "email": "andreja.kropivsek@gmail.com"}}, {"pk": 63110002, "model": "student.student", "fields": {"password": "be0f2234a0ba43a5226263835bcbbbbdebbae6fa", "surname": "Kropivsek", "name": "Klara", "gender": "F", "social_security_number": "1803986505147", "birth_country": "705", "birth_region": "061", "birth_date": "1988-05-20", "birth_place": "Ljubljana", "tax_number": "12123714", "email": "klara.kropivsek@gmail.com"}}, {"pk": 63110003, "model": "student.student", "fields": {"password": "6e6a482ca6eb2e8cabe57f846caf62f50d2a4dbd", "surname": "Zidar", "name": "Miha", "gender": "M", "social_security_number": "2901987500098", "birth_country": "705", "birth_region": "004", "birth_date": "1987-05-07", "birth_place": "ljubljana", "tax_number": "32432432", "email": "zidarsk8@gmail.com"}}, {"pk": 63110004, "model": "student.student", "fields": {"password": "be0f2234a0ba43a5226263835bcbbbbdebbae6fa", "surname": "Majcen", "name": "Gregor", "gender": "M", "social_security_number": "2011988500231", "birth_country": "705", "birth_region": "061", "birth_date": "1988-05-26", "birth_place": "Ljubljana", "tax_number": "12354342", "email": "smotko@smorko.smo"}}, {"pk": 1, "model": "student.address", "fields": {"country": "705", "region": "061", "street": "\u010cernigojeva 2", "student": 63110001, "send_address": true, "post": "1000", "type": "P"}}, {"pk": 2, "model": "student.address", "fields": {"country": "705", "region": "043", "street": "Cesnjice 3", "student": 63110002, "send_address": true, "post": "1219", "type": "T"}}, {"pk": 3, "model": "student.address", "fields": {"country": "705", "region": "061", "street": "stihova 21", "student": 63110003, "send_address": true, "post": "1000", "type": "P"}}, {"pk": 4, "model": "student.address", "fields": {"country": "705", "region": "004", "street": "butale 12", "student": 63110004, "send_address": true, "post": "5230", "type": "P"}}, {"pk": 1, "model": "student.phone", "fields": {"type": "W", "number": "01234512", "student": 63110003}}, {"pk": 2, "model": "student.phone", "fields": {"type": "H", "number": "040123321", "student": 63110004}}, {"pk": 1, "model": "student.enrollment", "fields": {"program": "7100", "enrol_type": "V1", "modules": [], "class_year": 1, "courses": [], "study_year": 2011, "student": 63110001, "regular": true}}, {"pk": 4, "model": "student.enrollment", "fields": {"program": "L200", "enrol_type": "V1", "modules": ["PUNI1"], "class_year": 1, "courses": ["10024", "10051"], "study_year": 2009, "student": 63110004, "regular": true}}, {"pk": 5, "model": "student.enrollment", "fields": {"program": "L200", "enrol_type": "V2", "modules": ["PUNI2"], "class_year": 2, "courses": ["10005"], "study_year": 2010, "student": 63110004, "regular": true}}, {"pk": 6, "model": "student.enrollment", "fields": {"program": "L200", "enrol_type": "V3", "modules": ["PUNI2"], "class_year": 2, "courses": ["10005"], "study_year": 2011, "student": 63110004, "regular": true}}, {"pk": 3, "model": "student.enrollment", "fields": {"program": "L300", "enrol_type": "V1", "modules": ["005"], "class_year": 1, "courses": ["10000"], "study_year": 2010, "student": 63110002, "regular": true}}, {"pk": 2, "model": "student.enrollment", "fields": {"program": "L300", "enrol_type": "V3", "modules": ["123"], "class_year": 2, "courses": ["10013", "10016", "10020"], "study_year": 2010, "student": 63110001, "regular": true}}, {"pk": 3, "model": "student.examdate", "fields": {"min_pos": 50, "instructors": 3, "course": "10000", "study_year": 2011, "location": "P01", "total_points": 100, "date": "2010-06-25", "nr_SignUp": 100}}, {"pk": 4, "model": "student.examdate", "fields": {"min_pos": 50, "instructors": 3, "course": "10000", "study_year": 2011, "location": "P01", "total_points": 100, "date": "2011-05-25", "nr_SignUp": 100}}, {"pk": 5, "model": "student.examdate", "fields": {"min_pos": 2, "instructors": null, "course": "10001", "study_year": 2011, "location": "PR0", "total_points": 2, "date": "2012-05-26", "nr_SignUp": 2}}, {"pk": 6, "model": "student.examdate", "fields": {"min_pos": 50, "instructors": null, "course": "10005", "study_year": 2011, "location": "PR0", "total_points": 100, "date": "2012-06-01", "nr_SignUp": 100}}, {"pk": 7, "model": "student.examdate", "fields": {"min_pos": 50, "instructors": null, "course": "10008", "study_year": 2011, "location": "Pr01", "total_points": 100, "date": "2012-07-26", "nr_SignUp": 100}}, {"pk": 8, "model": "student.examdate", "fields": {"min_pos": 70, "instructors": 3, "course": "10020", "study_year": 2010, "location": "P1", "total_points": 100, "date": "2012-06-29", "nr_SignUp": 50}}, {"pk": 9, "model": "student.examdate", "fields": {"min_pos": 50, "instructors": 7, "course": "10016", "study_year": 2011, "location": "P1", "total_points": 100, "date": "2010-06-04", "nr_SignUp": 100}}, {"pk": 10, "model": "student.examdate", "fields": {"min_pos": 50, "instructors": 7, "course": "10016", "study_year": 2011, "location": "P1", "total_points": 100, "date": "2010-09-04", "nr_SignUp": 100}}, {"pk": 11, "model": "student.examdate", "fields": {"min_pos": 50, "instructors": 7, "course": "10016", "study_year": 2011, "location": "P1", "total_points": 100, "date": "2010-06-24", "nr_SignUp": 100}}, {"pk": 12, "model": "student.examdate", "fields": {"min_pos": 40, "instructors": 7, "course": "10016", "study_year": 2011, "location": "P12", "total_points": 100, "date": "2012-06-01", "nr_SignUp": 200}}, {"pk": 13, "model": "student.examdate", "fields": {"min_pos": 25, "instructors": 10, "course": "10044", "study_year": 2011, "location": "LRI2", "total_points": 50, "date": "2010-06-01", "nr_SignUp": 50}}, {"pk": 14, "model": "student.examdate", "fields": {"min_pos": 50, "instructors": 10, "course": "10044", "study_year": 2011, "location": "PR01", "total_points": 100, "date": "2010-06-30", "nr_SignUp": 50}}, {"pk": 15, "model": "student.examdate", "fields": {"min_pos": 25, "instructors": 10, "course": "10044", "study_year": 2011, "location": "LRI2", "total_points": 50, "date": "2010-09-04", "nr_SignUp": 10}}, {"pk": 16, "model": "student.examdate", "fields": {"min_pos": 50, "instructors": 10, "course": "10044", "study_year": 2011, "location": "LRI1", "total_points": 100, "date": "2011-06-04", "nr_SignUp": 123}}, {"pk": 17, "model": "student.examdate", "fields": {"min_pos": 40, "instructors": 7, "course": "10016", "study_year": 2011, "location": "P12", "total_points": 100, "date": "2011-07-04", "nr_SignUp": 200}}, {"pk": 18, "model": "student.examdate", "fields": {"min_pos": 5, "instructors": 10, "course": "10044", "study_year": 2011, "location": "LRI2", "total_points": 10, "date": "2011-06-25", "nr_SignUp": 123}}, {"pk": 19, "model": "student.examdate", "fields": {"min_pos": 10, "instructors": 10, "course": "10044", "study_year": 2011, "location": "LRI2", "total_points": 20, "date": "2011-09-04", "nr_SignUp": 132}}, {"pk": 20, "model": "student.examdate", "fields": {"min_pos": 50, "instructors": 7, "course": "10016", "study_year": 2011, "location": "LRI1", "total_points": 100, "date": "2011-07-24", "nr_SignUp": 100}}, {"pk": 21, "model": "student.examdate", "fields": {"min_pos": 25, "instructors": 10, "course": "10044", "study_year": 2011, "location": "PR1", "total_points": 50, "date": "2012-06-01", "nr_SignUp": 123}}, {"pk": 22, "model": "student.examdate", "fields": {"min_pos": 50, "instructors": 7, "course": "10016", "study_year": 2011, "location": "P1", "total_points": 100, "date": "2011-09-14", "nr_SignUp": 100}}, {"pk": 23, "model": "student.examdate", "fields": {"min_pos": 10, "instructors": 10, "course": "10044", "study_year": 2011, "location": "LRI2", "total_points": 20, "date": "2012-06-10", "nr_SignUp": 123}}, {"pk": 24, "model": "student.examdate", "fields": {"min_pos": 5, "instructors": 10, "course": "10044", "study_year": 2011, "location": "LRi1", "total_points": 10, "date": "2012-09-02", "nr_SignUp": 132}}, {"pk": 25, "model": "student.examdate", "fields": {"min_pos": 5, "instructors": 7, "course": "10016", "study_year": 2011, "location": "LRI2", "total_points": 10, "date": "2012-06-10", "nr_SignUp": 123}}, {"pk": 26, "model": "student.examdate", "fields": {"min_pos": 10, "instructors": 7, "course": "10016", "study_year": 2011, "location": "LRI1", "total_points": 20, "date": "2012-07-04", "nr_SignUp": 123}}, {"pk": 27, "model": "student.examdate", "fields": {"min_pos": 10, "instructors": 7, "course": "10016", "study_year": 2011, "location": "PR15", "total_points": 20, "date": "2012-09-04", "nr_SignUp": 123}}, {"pk": 28, "model": "student.examdate", "fields": {"min_pos": 25, "instructors": 8, "course": "10001", "study_year": 2011, "location": "LRI2", "total_points": 50, "date": "2010-06-04", "nr_SignUp": 131}}, {"pk": 29, "model": "student.examdate", "fields": {"min_pos": 25, "instructors": 4, "course": "10002", "study_year": 2011, "location": "PR01", "total_points": 50, "date": "2010-06-01", "nr_SignUp": 123}}, {"pk": 30, "model": "student.examdate", "fields": {"min_pos": 25, "instructors": 11, "course": "10017", "study_year": 2011, "location": "LRI1", "total_points": 50, "date": "2010-07-04", "nr_SignUp": 123}}, {"pk": 31, "model": "student.examdate", "fields": {"min_pos": 50, "instructors": 1, "course": "10051", "study_year": 2011, "location": "LRI2", "total_points": 100, "date": "2010-07-01", "nr_SignUp": 123}}, {"pk": 32, "model": "student.examdate", "fields": {"min_pos": 40, "instructors": 3, "course": "10013", "study_year": 2011, "location": "PR01", "total_points": 50, "date": "2010-07-04", "nr_SignUp": 132}}, {"pk": 33, "model": "student.examdate", "fields": {"min_pos": 25, "instructors": 1, "course": "10024", "study_year": 2011, "location": "PR01", "total_points": 50, "date": "2010-07-06", "nr_SignUp": 123}}, {"pk": 34, "model": "student.examdate", "fields": {"min_pos": 10, "instructors": 3, "course": "10050", "study_year": 2011, "location": "PR01", "total_points": 20, "date": "2012-06-06", "nr_SignUp": 50}}, {"pk": 35, "model": "student.examdate", "fields": {"min_pos": 50, "instructors": 1, "course": "10000", "study_year": 2011, "location": "P3", "total_points": 100, "date": "2012-06-15", "nr_SignUp": 100}}, {"pk": 36, "model": "student.examdate", "fields": {"min_pos": 111, "instructors": null, "course": "10005", "study_year": 2011, "location": "P1", "total_points": 222, "date": "2012-05-01", "nr_SignUp": 222}}, {"pk": 37, "model": "student.examdate", "fields": {"min_pos": 111, "instructors": null, "course": "10005", "study_year": 2011, "location": "P3", "total_points": 222, "date": "2012-04-01", "nr_SignUp": 222}}, {"pk": 38, "model": "student.examdate", "fields": {"min_pos": 111, "instructors": null, "course": "10005", "study_year": 2011, "location": "P4", "total_points": 222, "date": "2012-03-01", "nr_SignUp": 222}}, {"pk": 39, "model": "student.examdate", "fields": {"min_pos": 50, "instructors": null, "course": "10005", "study_year": 2011, "location": "P12", "total_points": 100, "date": "2012-06-30", "nr_SignUp": 100}}, {"pk": 40, "model": "student.examdate", "fields": {"min_pos": 25, "instructors": null, "course": "10005", "study_year": 2011, "location": "P2", "total_points": 50, "date": "2011-06-05", "nr_SignUp": 50}}, {"pk": 41, "model": "student.examdate", "fields": {"min_pos": 25, "instructors": null, "course": "10005", "study_year": 2011, "location": "P2", "total_points": 50, "date": "2010-06-05", "nr_SignUp": 50}}, {"pk": 2, "model": "student.examsignup", "fields": {"paidfor": "Y", "enroll": 3, "result_exam": "NR", "VP": false, "points": null, "examDate": 3, "result_practice": "NR", "valid": "Y"}}, {"pk": 3, "model": "student.examsignup", "fields": {"paidfor": "N", "enroll": 4, "result_exam": "10", "VP": false, "points": 99, "examDate": 3, "result_practice": "10", "valid": "Y"}}, {"pk": 6, "model": "student.examsignup", "fields": {"paidfor": "N", "enroll": 5, "result_exam": "3", "VP": false, "points": 92, "examDate": 12, "result_practice": "1", "valid": "Y"}}, {"pk": 7, "model": "student.examsignup", "fields": {"paidfor": "N", "enroll": 4, "result_exam": "8", "VP": false, "points": 88, "examDate": 5, "result_practice": "10", "valid": "Y"}}, {"pk": 8, "model": "student.examsignup", "fields": {"paidfor": "N", "enroll": 4, "result_exam": "7", "VP": false, "points": 65, "examDate": 31, "result_practice": "10", "valid": "Y"}}, {"pk": 9, "model": "student.examsignup", "fields": {"paidfor": "N", "enroll": 4, "result_exam": "10", "VP": false, "points": 92, "examDate": 30, "result_practice": "10", "valid": "Y"}}, {"pk": 10, "model": "student.examsignup", "fields": {"paidfor": "N", "enroll": 4, "result_exam": "9", "VP": false, "points": 85, "examDate": 32, "result_practice": "6", "valid": "Y"}}, {"pk": 11, "model": "student.examsignup", "fields": {"paidfor": "Y", "enroll": 4, "result_exam": "NR", "VP": false, "points": null, "examDate": 7, "result_practice": "NR", "valid": "Y"}}, {"pk": 12, "model": "student.examsignup", "fields": {"paidfor": "Y", "enroll": 6, "result_exam": "NR", "VP": false, "points": null, "examDate": 34, "result_practice": "NR", "valid": "Y"}}, {"pk": 13, "model": "student.examsignup", "fields": {"paidfor": "Y", "enroll": 5, "result_exam": "4", "VP": false, "points": 89, "examDate": 9, "result_practice": "NR", "valid": "Y"}}, {"pk": 14, "model": "student.examsignup", "fields": {"paidfor": "Y", "enroll": 5, "result_exam": "2", "VP": false, "points": null, "examDate": 10, "result_practice": "3", "valid": "Y"}}, {"pk": 15, "model": "student.examsignup", "fields": {"paidfor": "Y", "enroll": 5, "result_exam": "3", "VP": false, "points": null, "examDate": 11, "result_practice": "3", "valid": "Y"}}, {"pk": 16, "model": "student.examsignup", "fields": {"paidfor": "Y", "enroll": 5, "result_exam": "2", "VP": false, "points": null, "examDate": 40, "result_practice": "NR", "valid": "Y"}}, {"pk": 17, "model": "student.examsignup", "fields": {"paidfor": "Y", "enroll": 5, "result_exam": "2", "VP": false, "points": null, "examDate": 40, "result_practice": "NR", "valid": "Y"}}, {"pk": 18, "model": "student.examsignup", "fields": {"paidfor": "Y", "enroll": 5, "result_exam": "3", "VP": false, "points": null, "examDate": 37, "result_practice": "NR", "valid": "Y"}}, {"pk": 19, "model": "student.examsignup", "fields": {"paidfor": "Y", "enroll": 5, "result_exam": "3", "VP": false, "points": null, "examDate": 41, "result_practice": "NR", "valid": "Y"}}, {"pk": 20, "model": "student.examsignup", "fields": {"paidfor": "Y", "enroll": 5, "result_exam": "2", "VP": false, "points": null, "examDate": 40, "result_practice": "NR", "valid": "Y"}}, {"pk": 21, "model": "student.examsignup", "fields": {"paidfor": "Y", "enroll": 5, "result_exam": "1", "VP": false, "points": null, "examDate": 41, "result_practice": "NR", "valid": "Y"}}, {"pk": 22, "model": "student.examsignup", "fields": {"paidfor": "Y", "enroll": 6, "result_exam": "NR", "VP": false, "points": null, "examDate": 39, "result_practice": "NR", "valid": "Y"}}, {"pk": "001", "model": "student.module", "fields": {"descriptor": "Vsi"}}, {"pk": "005", "model": "student.module", "fields": {"descriptor": "MaG"}}, {"pk": "123", "model": "student.module", "fields": {"descriptor": "magisterijStuff"}}, {"pk": "PUNI1", "model": "student.module", "fields": {"descriptor": "prvi letnik uni"}}, {"pk": "PUNI2", "model": "student.module", "fields": {"descriptor": "grafika za uni 2  brez smeri "}}, {"pk": 20, "model": "student.curriculum", "fields": {"mandatory": false, "only_exam": false, "class_year": 1, "course": "10000", "program": "L200", "module": "PUNI1", "valid": true}}, {"pk": 21, "model": "student.curriculum", "fields": {"mandatory": false, "only_exam": false, "class_year": 1, "course": "10001", "program": "L200", "module": "PUNI1", "valid": true}}, {"pk": 22, "model": "student.curriculum", "fields": {"mandatory": false, "only_exam": false, "class_year": 1, "course": "10002", "program": "L200", "module": "PUNI1", "valid": true}}, {"pk": 23, "model": "student.curriculum", "fields": {"mandatory": true, "only_exam": false, "class_year": 1, "course": "10016", "program": "L200", "module": null, "valid": true}}, {"pk": 24, "model": "student.curriculum", "fields": {"mandatory": true, "only_exam": false, "class_year": 1, "course": "10044", "program": "L200", "module": null, "valid": true}}, {"pk": 25, "model": "student.curriculum", "fields": {"mandatory": false, "only_exam": false, "class_year": 1, "course": "10017", "program": "L200", "module": null, "valid": true}}, {"pk": 26, "model": "student.curriculum", "fields": {"mandatory": false, "only_exam": false, "class_year": 1, "course": "10051", "program": "L200", "module": null, "valid": true}}, {"pk": 27, "model": "student.curriculum", "fields": {"mandatory": false, "only_exam": false, "class_year": 1, "course": "10013", "program": "L200", "module": null, "valid": true}}, {"pk": 28, "model": "student.curriculum", "fields": {"mandatory": false, "only_exam": false, "class_year": 1, "course": "10024", "program": "L200", "module": null, "valid": true}}, {"pk": 29, "model": "student.curriculum", "fields": {"mandatory": true, "only_exam": false, "class_year": 2, "course": "10008", "program": "L200", "module": null, "valid": true}}, {"pk": 30, "model": "student.curriculum", "fields": {"mandatory": true, "only_exam": false, "class_year": null, "course": "10009", "program": "L200", "module": null, "valid": true}}, {"pk": 31, "model": "student.curriculum", "fields": {"mandatory": true, "only_exam": false, "class_year": 2, "course": "10023", "program": "L200", "module": null, "valid": true}}, {"pk": 32, "model": "student.curriculum", "fields": {"mandatory": false, "only_exam": false, "class_year": 2, "course": "10028", "program": "L200", "module": "PUNI2", "valid": true}}, {"pk": 33, "model": "student.curriculum", "fields": {"mandatory": false, "only_exam": false, "class_year": 2, "course": "10050", "program": "L200", "module": "PUNI2", "valid": true}}, {"pk": 34, "model": "student.curriculum", "fields": {"mandatory": false, "only_exam": false, "class_year": 2, "course": "10005", "program": "L200", "module": null, "valid": true}}, {"pk": 5, "model": "student.curriculum", "fields": {"mandatory": false, "only_exam": false, "class_year": 1, "course": "10001", "program": "L300", "module": null, "valid": true}}, {"pk": 7, "model": "student.curriculum", "fields": {"mandatory": true, "only_exam": false, "class_year": 1, "course": "10005", "program": "L300", "module": null, "valid": true}}, {"pk": 8, "model": "student.curriculum", "fields": {"mandatory": true, "only_exam": false, "class_year": 1, "course": "10006", "program": "L300", "module": null, "valid": true}}, {"pk": 9, "model": "student.curriculum", "fields": {"mandatory": false, "only_exam": false, "class_year": 1, "course": "10015", "program": "L300", "module": null, "valid": true}}, {"pk": 10, "model": "student.curriculum", "fields": {"mandatory": false, "only_exam": true, "class_year": 1, "course": "10008", "program": "L300", "module": "005", "valid": true}}, {"pk": 11, "model": "student.curriculum", "fields": {"mandatory": false, "only_exam": false, "class_year": 1, "course": "10016", "program": "L300", "module": "005", "valid": true}}, {"pk": 12, "model": "student.curriculum", "fields": {"mandatory": false, "only_exam": false, "class_year": 1, "course": "10000", "program": "L300", "module": "001", "valid": true}}, {"pk": 13, "model": "student.curriculum", "fields": {"mandatory": false, "only_exam": false, "class_year": 1, "course": "10009", "program": "L300", "module": null, "valid": true}}, {"pk": 14, "model": "student.curriculum", "fields": {"mandatory": true, "only_exam": false, "class_year": 2, "course": "10003", "program": "L300", "module": null, "valid": true}}, {"pk": 15, "model": "student.curriculum", "fields": {"mandatory": false, "only_exam": false, "class_year": 2, "course": "10016", "program": "L300", "module": null, "valid": true}}, {"pk": 16, "model": "student.curriculum", "fields": {"mandatory": false, "only_exam": false, "class_year": 2, "course": "10020", "program": "L300", "module": null, "valid": true}}, {"pk": 17, "model": "student.curriculum", "fields": {"mandatory": false, "only_exam": false, "class_year": 2, "course": "10013", "program": "L300", "module": null, "valid": true}}, {"pk": 18, "model": "student.curriculum", "fields": {"mandatory": false, "only_exam": false, "class_year": 2, "course": "10017", "program": "L300", "module": "123", "valid": true}}, {"pk": 19, "model": "student.curriculum", "fields": {"mandatory": false, "only_exam": false, "class_year": 2, "course": "10015", "program": "L300", "module": "123", "valid": true}}]