[{"pk": 63110001, "model": "student.student", "fields": {"password": "5d1e8cdb8de32eaf28ba76b6b9b9d3525352c1ff", "surname": "Kropiv\u0161ek", "name": "Andreja", "gender": "F", "social_security_number": "1803986505147", "birth_country": "705", "birth_region": "061", "birth_date": "1986-03-18", "birth_place": "Ljubljana", "tax_number": "12123714", "email": "andreja.kropivsek@gmail.com"}}, {"pk": 63110002, "model": "student.student", "fields": {"password": "5d1e8cdb8de32eaf28ba76b6b9b9d3525352c1ff", "surname": "Kropivsek", "name": "Klara", "gender": "F", "social_security_number": "1803986505147", "birth_country": "705", "birth_region": "061", "birth_date": "1988-05-20", "birth_place": "Ljubljana", "tax_number": "12123714", "email": "klara.kropivsek@gmail.com"}}, {"pk": 63110003, "model": "student.student", "fields": {"password": "6e6a482ca6eb2e8cabe57f846caf62f50d2a4dbd", "surname": "Zidar", "name": "Miha", "gender": "M", "social_security_number": "2901987500098", "birth_country": "705", "birth_region": "004", "birth_date": "1987-05-07", "birth_place": "ljubljana", "tax_number": "32432432", "email": "zidarsk8@gmail.com"}}, {"pk": 63110004, "model": "student.student", "fields": {"password": "665d8a685a6dfdeb0eddf04d5d700f2ca796d873", "surname": "Majcen", "name": "Gregor", "gender": "M", "social_security_number": "2011988500231", "birth_country": "705", "birth_region": "061", "birth_date": "1988-05-26", "birth_place": "Ljubljana", "tax_number": "12354342", "email": "smotko@smorko.smo"}}, {"pk": 1, "model": "student.address", "fields": {"country": "705", "region": "061", "street": "\u010cernigojeva 2", "student": 63110001, "send_address": true, "post": "1000", "type": "P"}}, {"pk": 2, "model": "student.address", "fields": {"country": "705", "region": "043", "street": "Cesnjice 3", "student": 63110002, "send_address": true, "post": "1219", "type": "T"}}, {"pk": 3, "model": "student.address", "fields": {"country": "705", "region": "061", "street": "stihova 21", "student": 63110003, "send_address": true, "post": "1000", "type": "P"}}, {"pk": 4, "model": "student.address", "fields": {"country": "705", "region": "004", "street": "butale 12", "student": 63110004, "send_address": true, "post": "5230", "type": "P"}}, {"pk": 1, "model": "student.phone", "fields": {"type": "W", "number": "01234512", "student": 63110003}}, {"pk": 2, "model": "student.phone", "fields": {"type": "H", "number": "040123321", "student": 63110004}}, {"pk": 1, "model": "student.enrollment", "fields": {"program": "7100", "enrol_type": "V1", "modules": [], "class_year": 1, "courses": [], "study_year": 2011, "student": 63110001, "regular": true}}, {"pk": 2, "model": "student.enrollment", "fields": {"program": "L300", "enrol_type": "V3", "modules": ["123"], "class_year": 2, "courses": ["10013", "10016", "10020"], "study_year": 2010, "student": 63110001, "regular": true}}, {"pk": 3, "model": "student.enrollment", "fields": {"program": "L300", "enrol_type": "V1", "modules": ["005"], "class_year": 1, "courses": ["10000", "10008", "10016"], "study_year": 2011, "student": 63110002, "regular": true}}, {"pk": 3, "model": "student.examdate", "fields": {"min_pos": 50, "instructors": 3, "course": "10000", "study_year": 2011, "location": "P01", "total_points": 100, "date": "2012-06-25", "nr_SignUp": 100}}, {"pk": 4, "model": "student.examdate", "fields": {"min_pos": 50, "instructors": 1, "course": "10000", "study_year": 2011, "location": "P01", "total_points": 100, "date": "2012-05-25", "nr_SignUp": 100}}, {"pk": 5, "model": "student.examdate", "fields": {"min_pos": 2, "instructors": null, "course": "10001", "study_year": 2011, "location": "PR0", "total_points": 2, "date": "2012-05-26", "nr_SignUp": 2}}, {"pk": 6, "model": "student.examdate", "fields": {"min_pos": 50, "instructors": null, "course": "10005", "study_year": 2011, "location": "PR0", "total_points": 100, "date": "2012-06-01", "nr_SignUp": 100}}, {"pk": 7, "model": "student.examdate", "fields": {"min_pos": 50, "instructors": null, "course": "10008", "study_year": 2011, "location": "Pr01", "total_points": 100, "date": "2012-07-26", "nr_SignUp": 100}}, {"pk": 8, "model": "student.examdate", "fields": {"min_pos": 70, "instructors": 3, "course": "10020", "study_year": 2010, "location": "P1", "total_points": 100, "date": "2012-06-29", "nr_SignUp": 50}}, {"pk": 2, "model": "student.examsignup", "fields": {"paidfor": "Y", "enroll": 3, "result_exam": "NR", "VP": false, "points": null, "examDate": 3, "result_practice": "NR", "valid": "Y"}}, {"pk": "001", "model": "student.module", "fields": {"descriptor": "Vsi"}}, {"pk": "005", "model": "student.module", "fields": {"descriptor": "MaG"}}, {"pk": "123", "model": "student.module", "fields": {"descriptor": "magisterijStuff"}}, {"pk": "PUNI1", "model": "student.module", "fields": {"descriptor": "prvi letnik uni"}}, {"pk": 20, "model": "student.curriculum", "fields": {"mandatory": false, "only_exam": false, "class_year": 1, "course": "10000", "program": "L200", "module": "PUNI1", "valid": true}}, {"pk": 21, "model": "student.curriculum", "fields": {"mandatory": false, "only_exam": false, "class_year": 1, "course": "10001", "program": "L200", "module": "PUNI1", "valid": true}}, {"pk": 22, "model": "student.curriculum", "fields": {"mandatory": false, "only_exam": false, "class_year": 1, "course": "10002", "program": "L200", "module": "PUNI1", "valid": true}}, {"pk": 23, "model": "student.curriculum", "fields": {"mandatory": true, "only_exam": false, "class_year": 1, "course": "10016", "program": "L200", "module": null, "valid": true}}, {"pk": 24, "model": "student.curriculum", "fields": {"mandatory": true, "only_exam": false, "class_year": 1, "course": "10044", "program": "L200", "module": null, "valid": true}}, {"pk": 25, "model": "student.curriculum", "fields": {"mandatory": false, "only_exam": false, "class_year": 1, "course": "10017", "program": "L200", "module": null, "valid": true}}, {"pk": 26, "model": "student.curriculum", "fields": {"mandatory": false, "only_exam": false, "class_year": 1, "course": "10051", "program": "L200", "module": null, "valid": true}}, {"pk": 27, "model": "student.curriculum", "fields": {"mandatory": false, "only_exam": false, "class_year": 1, "course": "10013", "program": "L200", "module": null, "valid": true}}, {"pk": 28, "model": "student.curriculum", "fields": {"mandatory": false, "only_exam": false, "class_year": 1, "course": "10024", "program": "L200", "module": null, "valid": true}}, {"pk": 5, "model": "student.curriculum", "fields": {"mandatory": false, "only_exam": false, "class_year": 1, "course": "10001", "program": "L300", "module": null, "valid": true}}, {"pk": 7, "model": "student.curriculum", "fields": {"mandatory": true, "only_exam": false, "class_year": 1, "course": "10005", "program": "L300", "module": null, "valid": true}}, {"pk": 8, "model": "student.curriculum", "fields": {"mandatory": true, "only_exam": false, "class_year": 1, "course": "10006", "program": "L300", "module": null, "valid": true}}, {"pk": 9, "model": "student.curriculum", "fields": {"mandatory": false, "only_exam": false, "class_year": 1, "course": "10015", "program": "L300", "module": null, "valid": true}}, {"pk": 10, "model": "student.curriculum", "fields": {"mandatory": false, "only_exam": true, "class_year": 1, "course": "10008", "program": "L300", "module": "005", "valid": true}}, {"pk": 11, "model": "student.curriculum", "fields": {"mandatory": false, "only_exam": false, "class_year": 1, "course": "10016", "program": "L300", "module": "005", "valid": true}}, {"pk": 12, "model": "student.curriculum", "fields": {"mandatory": false, "only_exam": false, "class_year": 1, "course": "10000", "program": "L300", "module": "001", "valid": true}}, {"pk": 13, "model": "student.curriculum", "fields": {"mandatory": false, "only_exam": false, "class_year": 1, "course": "10009", "program": "L300", "module": null, "valid": true}}, {"pk": 14, "model": "student.curriculum", "fields": {"mandatory": true, "only_exam": false, "class_year": 2, "course": "10003", "program": "L300", "module": null, "valid": true}}, {"pk": 15, "model": "student.curriculum", "fields": {"mandatory": false, "only_exam": false, "class_year": 2, "course": "10016", "program": "L300", "module": null, "valid": true}}, {"pk": 16, "model": "student.curriculum", "fields": {"mandatory": false, "only_exam": false, "class_year": 2, "course": "10020", "program": "L300", "module": null, "valid": true}}, {"pk": 17, "model": "student.curriculum", "fields": {"mandatory": false, "only_exam": false, "class_year": 2, "course": "10013", "program": "L300", "module": null, "valid": true}}, {"pk": 18, "model": "student.curriculum", "fields": {"mandatory": false, "only_exam": false, "class_year": 2, "course": "10017", "program": "L300", "module": "123", "valid": true}}, {"pk": 19, "model": "student.curriculum", "fields": {"mandatory": false, "only_exam": false, "class_year": 2, "course": "10015", "program": "L300", "module": "123", "valid": true}}]